id,name,email,gender,dob,address,mobile
1,Wilhelmina,wmolen0@rediff.com,Female,26-06-2023,0 Walton Drive,9996026922
2,Bettye,bjoselevitch1@newsvine.com,Female,22-05-2023,244 Hayes Road,6524444054
3,Ciro,ckoop2@blogtalkradio.com,Polygender,12-12-2022,9801 Northwestern Trail,1352314212
4,Thibaut,tlevecque3@webeden.co.uk,Male,01-08-2023,84 Dexter Place,8942704924
5,Maureen,mvalencia4@nsw.gov.au,Female,22-04-2023,9 Novick Park,7642469579
6,Seward,sodooghaine5@google.ca,Male,22-07-2023,1016 Spaight Road,4226166429
7,John,jhonsmith@nsw.gov.au,male,07-09-1997,1 Nsk,7364829837
8,Tony,tonysmith@nsw.gov.au,male,15-07-1999,1 Nsk,7348298380
9,Rogan,rogansth@nsw.gov.au,male,18-08-1993,1 Nsk,7648298479
10,Leo,leosmith@nsw.gov.au,male,17-05-1987,1 Nsk,73648292379
